passengerID,firstName,lastName,email,age
1,Frank,Stanley,fstanley0@gravatar.com,59
2,Lois,Thompson,lthompson1@ezinearticles.com,29
3,Deborah,Bryant,dbryant2@woothemes.com,66
4,Ruth,Ryan,rryan3@chronoengine.com,46
5,Jennifer,Peterson,jpeterson4@drupal.org,49
6,Annie,Hughes,ahughes5@cornell.edu,37
7,Todd,Wheeler,twheeler6@adobe.com,19
8,Billy,Henry,bhenry7@cloudflare.com,68
9,Louis,Young,lyoung8@apple.com,56
10,Jane,Holmes,jholmes9@engadget.com,68
11,Tina,Ramirez,tramireza@acquirethisname.com,13
12,Willie,Robinson,wrobinsonb@topsy.com,58
13,Eugene,Gonzalez,egonzalezc@4shared.com,32
14,Phyllis,Mendoza,pmendozad@unicef.org,57
15,Shirley,Adams,sadamse@latimes.com,62
16,Mark,Hansen,mhansenf@archive.org,44
17,Janet,Castillo,jcastillog@netvibes.com,51
18,Robin,Meyer,rmeyerh@wired.com,59
19,Theresa,Nelson,tnelsoni@ox.ac.uk,20
20,Julia,Mccoy,jmccoyj@paginegialle.it,5
21,Martin,Rice,mricek@reference.com,64
22,Juan,Collins,jcollinsl@reverbnation.com,38
23,Dorothy,Larson,dlarsonm@homestead.com,57
24,Brian,Adams,badamsn@go.com,60
25,Carol,Moreno,cmorenoo@slideshare.net,26
26,Richard,Owens,rowensp@wikipedia.org,66
27,Alice,Nguyen,anguyenq@free.fr,25
28,Thomas,Boyd,tboydr@intel.com,68
29,Stephen,Patterson,spattersons@privacy.gov.au,9
30,Joshua,Gardner,jgardnert@imageshack.us,5
31,Frances,Morris,fmorrisu@ustream.tv,59
32,Anna,King,akingv@histats.com,57
33,Johnny,Boyd,jboydw@cnbc.com,33
34,Judy,Armstrong,jarmstrongx@addthis.com,40
35,Bobby,Gordon,bgordony@bloglovin.com,65
36,Edward,Bowman,ebowmanz@about.com,8
37,Chris,Burke,cburke10@ftc.gov,43
38,Alice,Garrett,agarrett11@sitemeter.com,45
39,Stephen,Fisher,sfisher12@blogs.com,62
40,Dorothy,Kim,dkim13@webmd.com,59
41,Justin,Smith,jsmith14@zimbio.com,67
42,Ryan,Nguyen,rnguyen15@cargocollective.com,14
43,Theresa,Dean,tdean16@arizona.edu,48
44,Patricia,Morris,pmorris17@gov.uk,59
45,Karen,Ramirez,kramirez18@miitbeian.gov.cn,38
46,Diane,Day,dday19@businesswire.com,31
47,Craig,Palmer,cpalmer1a@yandex.ru,23
48,Nicholas,Smith,nsmith1b@xing.com,59
49,Harold,Little,hlittle1c@bing.com,11
50,Jason,Ramirez,jramirez1d@stumbleupon.com,28
51,Kimberly,Little,klittle1e@adobe.com,20
52,Eugene,Green,egreen1f@blogspot.com,49
53,Elizabeth,Rivera,erivera1g@globo.com,36
54,Joe,Simmons,jsimmons1h@hc360.com,18
55,Gerald,Russell,grussell1i@deviantart.com,8
56,Earl,Brooks,ebrooks1j@msu.edu,23
57,Paula,Brown,pbrown1k@people.com.cn,59
58,Samuel,Larson,slarson1l@upenn.edu,26
59,Lawrence,Adams,ladams1m@is.gd,66
60,Howard,Dunn,hdunn1n@feedburner.com,60
61,Virginia,Watson,vwatson1o@indiatimes.com,46
62,Jeremy,Lopez,jlopez1p@ebay.com,29
63,Louis,Stanley,lstanley1q@sitemeter.com,13
64,Brenda,Ross,bross1r@ucla.edu,64
65,Michelle,Mills,mmills1s@naver.com,31
66,Donna,Lewis,dlewis1t@odnoklassniki.ru,36
67,Louis,Ford,lford1u@barnesandnoble.com,43
68,Peter,Jenkins,pjenkins1v@google.ca,68
69,Lisa,Reynolds,lreynolds1w@abc.net.au,68
70,Diane,Watson,dwatson1x@blinklist.com,6
71,Katherine,Phillips,kphillips1y@toplist.cz,67
72,Martha,Roberts,mroberts1z@slashdot.org,18
73,Gary,Burton,gburton20@aboutads.info,18
74,Phyllis,Ortiz,portiz21@squidoo.com,29
75,Robert,Carroll,rcarroll22@pinterest.com,39
76,Arthur,Foster,afoster23@huffingtonpost.com,61
77,Janet,Day,jday24@geocities.jp,18
78,Phillip,Lawrence,plawrence25@walmart.com,27
79,Anne,Boyd,aboyd26@google.pl,51
80,Gloria,Ramirez,gramirez27@virginia.edu,64
81,Rebecca,Ford,rford28@timesonline.co.uk,11
82,Denise,Garcia,dgarcia29@amazon.com,45
83,Gerald,Flores,gflores2a@eventbrite.com,38
84,Jack,Kennedy,jkennedy2b@reddit.com,12
85,Judith,Sims,jsims2c@wikispaces.com,20
86,Kenneth,Harrison,kharrison2d@cloudflare.com,27
87,Pamela,Woods,pwoods2e@dell.com,50
88,Karen,George,kgeorge2f@cpanel.net,34
89,Timothy,Hicks,thicks2g@i2i.jp,41
90,Christina,Banks,cbanks2h@twitter.com,42
91,Phillip,Harrison,pharrison2i@issuu.com,29
92,Roy,Ryan,rryan2j@businessweek.com,16
93,Diana,Washington,dwashington2k@cdc.gov,12
94,Angela,Dean,adean2l@mit.edu,17
95,Thomas,Tucker,ttucker2m@yellowbook.com,54
96,Angela,Mendoza,amendoza2n@amazon.de,64
97,Robin,Johnston,rjohnston2o@weather.com,19
98,Donald,Cook,dcook2p@washington.edu,55
99,Jennifer,Miller,jmiller2q@alexa.com,21
100,Patrick,Morales,pmorales2r@soup.io,53
101,Helen,Patterson,hpatterson2s@huffingtonpost.com,16
102,Kelly,Fields,kfields2t@amazon.com,65
103,Jack,Long,jlong2u@drupal.org,58
104,Louise,Gardner,lgardner2v@narod.ru,49
105,Joshua,Weaver,jweaver2w@omniture.com,63
106,Tammy,Snyder,tsnyder2x@plala.or.jp,28
107,Barbara,Rose,brose2y@gravatar.com,36
108,Christina,James,cjames2z@cafepress.com,52
109,Ernest,Perez,eperez30@ow.ly,57
110,Howard,Murray,hmurray31@hexun.com,16
111,Aaron,Black,ablack32@mac.com,59
112,Aaron,Murphy,amurphy33@intel.com,68
113,Michael,Lee,mlee34@census.gov,12
114,Timothy,Taylor,ttaylor35@youtube.com,35
115,Richard,Moore,rmoore36@google.co.uk,63
116,Christopher,Duncan,cduncan37@tumblr.com,70
117,Mary,Edwards,medwards38@ucoz.com,38
118,Arthur,Austin,aaustin39@webs.com,66
119,Carol,Austin,caustin3a@imgur.com,60
120,Kenneth,Butler,kbutler3b@csmonitor.com,52
121,Tina,Scott,tscott3c@woothemes.com,50
122,Joyce,Wood,jwood3d@whitehouse.gov,42
123,Fred,Hicks,fhicks3e@w3.org,26
124,Heather,Peters,hpeters3f@ftc.gov,45
125,Ann,King,aking3g@dell.com,70
126,Jean,Gibson,jgibson3h@macromedia.com,16
127,Randy,Cole,rcole3i@geocities.jp,42
128,Jessica,Cunningham,jcunningham3j@noaa.gov,28
129,Pamela,Harris,pharris3k@wikia.com,64
130,Kenneth,Grant,kgrant3l@geocities.com,29
131,Michael,Wood,mwood3m@com.com,9
132,Brenda,Jones,bjones3n@vkontakte.ru,8
133,Martha,Burke,mburke3o@spiegel.de,48
134,Jane,Harvey,jharvey3p@icio.us,40
135,Melissa,Palmer,mpalmer3q@columbia.edu,14
136,Julie,Franklin,jfranklin3r@google.fr,40
137,Patrick,Hunt,phunt3s@google.es,25
138,Jeffrey,Berry,jberry3t@un.org,48
139,Carlos,Morris,cmorris3u@illinois.edu,25
140,Martha,Roberts,mroberts3v@360.cn,24
141,Frank,Mason,fmason3w@theglobeandmail.com,11
142,Robin,Williams,rwilliams3x@shareasale.com,6
143,Richard,Stanley,rstanley3y@a8.net,51
144,Jimmy,Bradley,jbradley3z@virginia.edu,10
145,Gloria,Willis,gwillis40@yale.edu,7
146,Joan,Rogers,jrogers41@edublogs.org,33
147,Angela,Matthews,amatthews42@bizjournals.com,25
148,Donna,Jenkins,djenkins43@oaic.gov.au,35
149,Jimmy,Simmons,jsimmons44@stumbleupon.com,21
150,Jonathan,Murray,jmurray45@mapy.cz,66
151,Irene,Burns,iburns46@mayoclinic.com,60
152,Gregory,Kennedy,gkennedy47@reverbnation.com,19
153,Craig,Woods,cwoods48@hugedomains.com,36
154,Cynthia,Montgomery,cmontgomery49@forbes.com,11
155,Jennifer,Davis,jdavis4a@exblog.jp,42
156,Ernest,Baker,ebaker4b@engadget.com,45
157,Louise,Rice,lrice4c@oaic.gov.au,48
158,Harold,Cunningham,hcunningham4d@flickr.com,6
159,David,Gonzalez,dgonzalez4e@51.la,61
160,Ryan,Carroll,rcarroll4f@netvibes.com,42
161,Justin,Williams,jwilliams4g@nps.gov,27
162,David,Smith,dsmith4h@hhs.gov,33
163,Terry,Knight,tknight4i@joomla.org,48
164,Martha,Cox,mcox4j@typepad.com,18
165,Judy,Gilbert,jgilbert4k@blogs.com,16
166,Irene,Ray,iray4l@google.de,45
167,Carlos,Meyer,cmeyer4m@deviantart.com,49
168,Arthur,Stephens,astephens4n@livejournal.com,42
169,Jacqueline,Perez,jperez4o@blog.com,21
170,Charles,Green,cgreen4p@bravesites.com,47
171,Linda,Dunn,ldunn4q@marketwatch.com,39
172,Kimberly,Garcia,kgarcia4r@surveymonkey.com,66
173,Douglas,Crawford,dcrawford4s@dropbox.com,12
174,Gregory,Reyes,greyes4t@businessweek.com,35
175,Anna,Cruz,acruz4u@goo.gl,67
176,Pamela,Cruz,pcruz4v@elpais.com,10
177,Kevin,Willis,kwillis4w@ezinearticles.com,33
178,Gregory,Williamson,gwilliamson4x@google.fr,27
179,Julia,Parker,jparker4y@upenn.edu,15
180,Evelyn,Hunter,ehunter4z@java.com,31
181,Nancy,Hicks,nhicks50@nsw.gov.au,51
182,Barbara,Ryan,bryan51@gmpg.org,22
183,Carolyn,Hart,chart52@sina.com.cn,19
184,Doris,Shaw,dshaw53@livejournal.com,34
185,Deborah,Harris,dharris54@163.com,66
186,Bruce,Cruz,bcruz55@alexa.com,64
187,Deborah,Carter,dcarter56@google.com,49
188,Juan,Harper,jharper57@smh.com.au,56
189,Maria,Green,mgreen58@sciencedirect.com,68
190,Kelly,Gonzalez,kgonzalez59@blogs.com,12
191,Keith,Parker,kparker5a@bravesites.com,9
192,Donna,Kim,dkim5b@godaddy.com,27
193,Kathy,Shaw,kshaw5c@shutterfly.com,25
194,Sara,Gomez,sgomez5d@hubpages.com,56
195,Lillian,Powell,lpowell5e@skype.com,36
196,Andrew,Gonzales,agonzales5f@si.edu,61
197,Alice,Brown,abrown5g@omniture.com,49
198,Jason,Richards,jrichards5h@buzzfeed.com,44
199,Katherine,Hayes,khayes5i@is.gd,43
200,Randy,Burton,rburton5j@nifty.com,56
201,Kimberly,Ward,kward5k@shop-pro.jp,9
202,Denise,Williams,dwilliams5l@bluehost.com,36
203,Janet,James,jjames5m@jimdo.com,43
204,Ryan,Myers,rmyers5n@flavors.me,36
205,Christopher,Hunt,chunt5o@bigcartel.com,32
206,John,Elliott,jelliott5p@shop-pro.jp,45
207,Donald,Armstrong,darmstrong5q@google.co.jp,67
208,Lisa,Wheeler,lwheeler5r@themeforest.net,70
209,Norma,Hanson,nhanson5s@pcworld.com,45
210,Benjamin,Jackson,bjackson5t@utexas.edu,70
211,Sharon,Rivera,srivera5u@netvibes.com,49
212,Joshua,Perkins,jperkins5v@paginegialle.it,8
213,Annie,Young,ayoung5w@upenn.edu,52
214,Timothy,Hanson,thanson5x@e-recht24.de,51
215,Virginia,Palmer,vpalmer5y@t-online.de,52
216,Jacqueline,Sullivan,jsullivan5z@ucoz.com,24
217,Julie,Porter,jporter60@amazon.co.jp,24
218,Howard,Collins,hcollins61@ucoz.com,59
219,Joshua,Gordon,jgordon62@opera.com,39
220,Dennis,Clark,dclark63@topsy.com,19
221,Carolyn,Smith,csmith64@cafepress.com,61
222,Carl,Lynch,clynch65@cocolog-nifty.com,49
223,Jane,Robertson,jrobertson66@mit.edu,25
224,Mark,Black,mblack67@sciencedirect.com,11
225,Edward,Hill,ehill68@domainmarket.com,68
226,Thomas,Hernandez,thernandez69@ibm.com,12
227,Elizabeth,Clark,eclark6a@pen.io,52
228,Sharon,Brooks,sbrooks6b@bing.com,23
229,Andrea,Martin,amartin6c@mysql.com,31
230,Earl,Parker,eparker6d@netlog.com,15
231,Ann,Robinson,arobinson6e@dion.ne.jp,19
232,Dorothy,Castillo,dcastillo6f@accuweather.com,6
233,Victor,Alvarez,valvarez6g@mozilla.org,38
234,Ronald,Cook,rcook6h@ucla.edu,67
235,Eugene,Berry,eberry6i@free.fr,52
236,Jane,Fox,jfox6j@de.vu,11
237,Martha,Ortiz,mortiz6k@howstuffworks.com,56
238,Frank,Perry,fperry6l@yellowpages.com,41
239,Denise,Gutierrez,dgutierrez6m@boston.com,29
240,Joe,Matthews,jmatthews6n@state.tx.us,50
241,Bobby,Snyder,bsnyder6o@4shared.com,10
242,Heather,Harper,hharper6p@so-net.ne.jp,22
243,Karen,Watson,kwatson6q@whitehouse.gov,16
244,Justin,Spencer,jspencer6r@google.fr,28
245,Frank,Bradley,fbradley6s@state.gov,59
246,Betty,Holmes,bholmes6t@eepurl.com,55
247,Lois,Bryant,lbryant6u@illinois.edu,62
248,Louise,Sims,lsims6v@ebay.com,56
249,Lisa,Campbell,lcampbell6w@i2i.jp,42
250,Wanda,Boyd,wboyd6x@fda.gov,21
251,Ryan,Stevens,rstevens6y@gov.uk,30
252,Aaron,Mills,amills6z@ibm.com,70
253,Walter,Robinson,wrobinson70@sakura.ne.jp,43
254,Aaron,Nichols,anichols71@histats.com,51
255,Jesse,Perry,jperry72@sina.com.cn,11
256,Melissa,Frazier,mfrazier73@goodreads.com,11
257,Ashley,Duncan,aduncan74@google.com,41
258,William,Wagner,wwagner75@shutterfly.com,14
259,Carlos,Marshall,cmarshall76@sourceforge.net,23
260,Janet,Patterson,jpatterson77@vistaprint.com,68
261,Joan,Simmons,jsimmons78@addtoany.com,69
262,Christine,Foster,cfoster79@mayoclinic.com,69
263,Debra,Fox,dfox7a@yahoo.co.jp,50
264,Philip,James,pjames7b@wisc.edu,46
265,Elizabeth,Smith,esmith7c@discuz.net,31
266,Bonnie,Stevens,bstevens7d@macromedia.com,29
267,Angela,Matthews,amatthews7e@arstechnica.com,48
268,George,Ortiz,gortiz7f@dedecms.com,70
269,Eugene,Wallace,ewallace7g@ox.ac.uk,56
270,Lois,Ruiz,lruiz7h@umn.edu,43
271,Katherine,Collins,kcollins7i@a8.net,50
272,Ernest,Fields,efields7j@alibaba.com,23
273,Nicole,Snyder,nsnyder7k@amazon.co.uk,14
274,Diane,Mendoza,dmendoza7l@home.pl,45
275,Debra,Scott,dscott7m@theglobeandmail.com,62
276,Louise,Hansen,lhansen7n@lycos.com,53
277,Dorothy,Kelly,dkelly7o@prnewswire.com,18
278,Jeremy,Barnes,jbarnes7p@yelp.com,10
279,Carolyn,Vasquez,cvasquez7q@oracle.com,39
280,Joshua,Carr,jcarr7r@csmonitor.com,25
281,Mary,Lawrence,mlawrence7s@columbia.edu,17
282,Gerald,Reed,greed7t@unblog.fr,57
283,Laura,Alexander,lalexander7u@privacy.gov.au,65
284,Ryan,Vasquez,rvasquez7v@google.es,19
285,Bobby,Woods,bwoods7w@blogtalkradio.com,24
286,Ann,Castillo,acastillo7x@unc.edu,25
287,Willie,Hicks,whicks7y@time.com,51
288,Larry,Murphy,lmurphy7z@toplist.cz,21
289,Earl,Boyd,eboyd80@patch.com,38
290,Marie,Tucker,mtucker81@infoseek.co.jp,69
291,Todd,Martin,tmartin82@themeforest.net,23
292,Billy,Turner,bturner83@weebly.com,16
293,Earl,Sims,esims84@ed.gov,13
294,Patricia,Morris,pmorris85@issuu.com,25
295,Chris,Mendoza,cmendoza86@squidoo.com,67
296,John,Nguyen,jnguyen87@mashable.com,41
297,Marilyn,Flores,mflores88@uiuc.edu,35
298,Kathryn,Hart,khart89@addtoany.com,66
299,Wanda,Harris,wharris8a@4shared.com,37
300,Eric,Holmes,eholmes8b@privacy.gov.au,48
301,Nicholas,Kelley,nkelley8c@shinystat.com,62
302,Nicholas,Torres,ntorres8d@shinystat.com,56
303,William,Montgomery,wmontgomery8e@addtoany.com,21
304,Nancy,Carr,ncarr8f@vk.com,14
305,Christine,Johnston,cjohnston8g@cornell.edu,35
306,Joyce,Ferguson,jferguson8h@si.edu,29
307,Ruby,George,rgeorge8i@reddit.com,23
308,Louise,Jacobs,ljacobs8j@feedburner.com,47
309,Harold,Taylor,htaylor8k@ustream.tv,22
310,Rebecca,Simpson,rsimpson8l@wordpress.com,24
311,Theresa,Carter,tcarter8m@shop-pro.jp,32
312,Eugene,Flores,eflores8n@hc360.com,6
313,Clarence,Gomez,cgomez8o@gov.uk,7
314,Sarah,Jordan,sjordan8p@last.fm,21
315,Kenneth,Simmons,ksimmons8q@wikimedia.org,35
316,Eric,Brooks,ebrooks8r@washington.edu,65
317,Ernest,Mills,emills8s@moonfruit.com,26
318,William,Rice,wrice8t@epa.gov,32
319,Matthew,Barnes,mbarnes8u@pbs.org,51
320,Billy,Davis,bdavis8v@twitter.com,51
321,Daniel,Burns,dburns8w@home.pl,66
322,Joyce,Spencer,jspencer8x@soup.io,60
323,Jessica,Wright,jwright8y@berkeley.edu,35
324,Kenneth,Owens,kowens8z@cdbaby.com,57
325,Jean,Lynch,jlynch90@stumbleupon.com,39
326,Aaron,Kelly,akelly91@printfriendly.com,29
327,Frances,Nelson,fnelson92@homestead.com,62
328,Kenneth,Reynolds,kreynolds93@t-online.de,13
329,Chris,Anderson,canderson94@dailymail.co.uk,57
330,Maria,Lane,mlane95@dion.ne.jp,67
331,William,Rivera,wrivera96@youku.com,63
332,Katherine,Hernandez,khernandez97@example.com,44
333,Pamela,Johnston,pjohnston98@stanford.edu,42
334,Jeffrey,Gibson,jgibson99@wiley.com,34
335,Janet,Adams,jadams9a@google.co.jp,56
336,Emily,Daniels,edaniels9b@cbc.ca,44
337,Rebecca,Harvey,rharvey9c@reference.com,65
338,Thomas,Clark,tclark9d@etsy.com,28
339,Matthew,Morris,mmorris9e@cargocollective.com,10
340,Julie,Fox,jfox9f@rediff.com,37
341,Sarah,Moreno,smoreno9g@canalblog.com,67
342,Patrick,Boyd,pboyd9h@sun.com,25
343,Larry,Chavez,lchavez9i@senate.gov,43
344,Kevin,Rodriguez,krodriguez9j@reference.com,13
345,Brenda,Pierce,bpierce9k@mashable.com,58
346,Paula,Peters,ppeters9l@ucoz.com,44
347,Thomas,Moreno,tmoreno9m@github.io,43
348,Jack,Stone,jstone9n@so-net.ne.jp,55
349,Stephen,Wells,swells9o@ihg.com,24
350,Richard,Ryan,rryan9p@netvibes.com,23
351,Keith,Gonzalez,kgonzalez9q@github.io,57
352,Juan,Mills,jmills9r@marriott.com,41
353,Brandon,Rogers,brogers9s@cisco.com,13
354,Henry,Gonzalez,hgonzalez9t@sfgate.com,27
355,Samuel,Lane,slane9u@csmonitor.com,49
356,Anne,Diaz,adiaz9v@miibeian.gov.cn,7
357,Tina,Howard,thoward9w@abc.net.au,7
358,Denise,Gardner,dgardner9x@studiopress.com,63
359,Ruth,Duncan,rduncan9y@nhs.uk,29
360,Kenneth,Mccoy,kmccoy9z@europa.eu,15
361,Bobby,Knight,bknighta0@cpanel.net,25
362,Shirley,Roberts,srobertsa1@ucoz.com,29
363,Dennis,Coleman,dcolemana2@auda.org.au,22
364,Rebecca,Porter,rportera3@shareasale.com,20
365,Jeffrey,Baker,jbakera4@fotki.com,8
366,Marilyn,Arnold,marnolda5@123-reg.co.uk,40
367,Kathy,Austin,kaustina6@merriam-webster.com,51
368,Victor,Campbell,vcampbella7@mlb.com,8
369,Doris,Graham,dgrahama8@goo.ne.jp,42
370,Joan,Wells,jwellsa9@istockphoto.com,39
371,Victor,Sullivan,vsullivanaa@sfgate.com,46
372,Dorothy,Johnson,djohnsonab@dyndns.org,27
373,Michelle,Foster,mfosterac@theguardian.com,7
374,Juan,Wagner,jwagnerad@gnu.org,49
375,Jeffrey,Murray,jmurrayae@house.gov,7
376,Wayne,Stone,wstoneaf@woothemes.com,68
377,Kathy,Castillo,kcastilloag@epa.gov,7
378,Jean,White,jwhiteah@slashdot.org,38
379,Rachel,Garrett,rgarrettai@t-online.de,56
380,Harold,Medina,hmedinaaj@ning.com,24
381,Shirley,Kim,skimak@bloomberg.com,32
382,Adam,Stevens,astevensal@scribd.com,20
383,Judy,Kennedy,jkennedyam@wix.com,41
384,Diana,Fuller,dfulleran@dyndns.org,68
385,Steve,Meyer,smeyerao@wsj.com,52
386,Dennis,Kelly,dkellyap@craigslist.org,51
387,Barbara,Snyder,bsnyderaq@illinois.edu,25
388,Christina,Knight,cknightar@cloudflare.com,44
389,Kimberly,King,kkingas@mlb.com,51
390,Jennifer,Thomas,jthomasat@stumbleupon.com,11
391,Daniel,Bennett,dbennettau@i2i.jp,54
392,Michelle,Chavez,mchavezav@hubpages.com,14
393,Judy,Fisher,jfisheraw@archive.org,52
394,Wanda,Harris,wharrisax@hud.gov,7
395,Michael,Gomez,mgomezay@mozilla.com,17
396,Anna,Sullivan,asullivanaz@zdnet.com,50
397,Sharon,Coleman,scolemanb0@eventbrite.com,63
398,Fred,Day,fdayb1@furl.net,39
399,Anna,Perez,aperezb2@nih.gov,53
400,Phillip,Murray,pmurrayb3@nih.gov,19
401,Dennis,Armstrong,darmstrongb4@arizona.edu,25
402,Douglas,Dean,ddeanb5@discuz.net,20
403,Joyce,Fisher,jfisherb6@fastcompany.com,40
404,Jimmy,Anderson,jandersonb7@sakura.ne.jp,11
405,George,Davis,gdavisb8@twitpic.com,55
406,Louise,Lewis,llewisb9@nature.com,40
407,Edward,Armstrong,earmstrongba@eventbrite.com,21
408,Elizabeth,Harper,eharperbb@mayoclinic.com,41
409,Anthony,Reed,areedbc@umn.edu,46
410,Clarence,Gonzales,cgonzalesbd@slideshare.net,5
411,Robert,George,rgeorgebe@usda.gov,43
412,Jack,Payne,jpaynebf@apple.com,55
413,Douglas,Peterson,dpetersonbg@house.gov,5
414,Theresa,Thomas,tthomasbh@whitehouse.gov,46
415,Lisa,Russell,lrussellbi@apple.com,40
416,Albert,Bailey,abaileybj@unesco.org,64
417,Raymond,Campbell,rcampbellbk@house.gov,44
418,Cheryl,Arnold,carnoldbl@wiley.com,20
419,Rose,Fields,rfieldsbm@smugmug.com,10
420,Gloria,Nichols,gnicholsbn@upenn.edu,6
421,Debra,Mcdonald,dmcdonaldbo@icio.us,37
422,Amanda,Foster,afosterbp@mysql.com,65
423,Samuel,Dean,sdeanbq@artisteer.com,20
424,Maria,Collins,mcollinsbr@slideshare.net,16
425,Jose,Watson,jwatsonbs@com.com,5
426,Samuel,Johnson,sjohnsonbt@skyrock.com,32
427,Mark,Kelly,mkellybu@marketwatch.com,64
428,Margaret,Phillips,mphillipsbv@alexa.com,46
429,Joseph,Baker,jbakerbw@imdb.com,61
430,Joseph,Woods,jwoodsbx@moonfruit.com,63
431,Rebecca,Morales,rmoralesby@pagesperso-orange.fr,40
432,Bobby,Jackson,bjacksonbz@wordpress.org,46
433,Jonathan,Woods,jwoodsc0@state.gov,28
434,Kenneth,Murphy,kmurphyc1@joomla.org,15
435,Andrea,Mcdonald,amcdonaldc2@amazon.co.jp,41
436,Shirley,Rice,sricec3@spotify.com,61
437,Steven,Baker,sbakerc4@unblog.fr,61
438,Betty,Jordan,bjordanc5@mayoclinic.com,37
439,Henry,Greene,hgreenec6@usgs.gov,62
440,Harold,Edwards,hedwardsc7@paypal.com,62
441,Adam,Cunningham,acunninghamc8@vistaprint.com,47
442,Terry,Simpson,tsimpsonc9@deliciousdays.com,49
443,Terry,Bennett,tbennettca@cam.ac.uk,44
444,Norma,Jackson,njacksoncb@sohu.com,44
445,Billy,Dunn,bdunncc@independent.co.uk,31
446,Catherine,Perkins,cperkinscd@buzzfeed.com,27
447,Anne,Chavez,achavezce@nymag.com,54
448,Beverly,Armstrong,barmstrongcf@woothemes.com,31
449,Gregory,Davis,gdaviscg@netvibes.com,26
450,George,Webb,gwebbch@answers.com,68
451,Juan,Parker,jparkerci@skype.com,40
452,Juan,Reed,jreedcj@sourceforge.net,34
453,Justin,Peters,jpetersck@unc.edu,55
454,Angela,Myers,amyerscl@canalblog.com,47
455,Paul,Johnson,pjohnsoncm@gmpg.org,65
456,Stephanie,Simmons,ssimmonscn@samsung.com,19
457,Frances,Frazier,ffrazierco@amazonaws.com,60
458,Scott,Chapman,schapmancp@wired.com,32
459,Christine,Richardson,crichardsoncq@smugmug.com,67
460,Jose,Phillips,jphillipscr@umich.edu,59
461,Timothy,Richards,trichardscs@netvibes.com,39
462,Johnny,Smith,jsmithct@cnet.com,30
463,David,Harper,dharpercu@redcross.org,50
464,Roy,Burton,rburtoncv@hexun.com,34
465,Shawn,Hicks,shickscw@mit.edu,8
466,Frank,Ferguson,ffergusoncx@a8.net,38
467,Ashley,Burns,aburnscy@marriott.com,48
468,Alan,Martin,amartincz@istockphoto.com,30
469,Nicholas,Marshall,nmarshalld0@ow.ly,52
470,Thomas,Grant,tgrantd1@jiathis.com,11
471,Emily,Price,epriced2@miibeian.gov.cn,53
472,Phyllis,Gomez,pgomezd3@delicious.com,43
473,Sara,Hernandez,shernandezd4@addtoany.com,7
474,Janice,Greene,jgreened5@about.com,56
475,Julia,Richardson,jrichardsond6@seesaa.net,15
476,Arthur,Nichols,anicholsd7@ca.gov,65
477,Joseph,Pierce,jpierced8@artisteer.com,35
478,Lillian,Sanders,lsandersd9@theguardian.com,59
479,Ann,Kelly,akellyda@free.fr,27
480,Fred,Miller,fmillerdb@histats.com,58
481,Kathy,Stone,kstonedc@cbslocal.com,39
482,Evelyn,Mcdonald,emcdonalddd@wikimedia.org,35
483,Mary,Russell,mrussellde@ucsd.edu,50
484,Richard,Cox,rcoxdf@naver.com,40
485,Melissa,Cooper,mcooperdg@networksolutions.com,36
486,Jason,Ellis,jellisdh@photobucket.com,15
487,Todd,Peterson,tpetersondi@nifty.com,23
488,Terry,Rodriguez,trodriguezdj@jalbum.net,41
489,Kathy,Larson,klarsondk@squidoo.com,18
490,Irene,Miller,imillerdl@purevolume.com,58
491,Jacqueline,Richardson,jrichardsondm@twitpic.com,50
492,Judy,Washington,jwashingtondn@example.com,33
493,Norma,Gordon,ngordondo@nature.com,66
494,Pamela,Jackson,pjacksondp@instagram.com,12
495,Doris,Reyes,dreyesdq@liveinternet.ru,55
496,Peter,Davis,pdavisdr@uol.com.br,32
497,Kenneth,Palmer,kpalmerds@dropbox.com,32
498,Douglas,Dunn,ddunndt@slashdot.org,67
499,Matthew,Green,mgreendu@yale.edu,24
500,Jimmy,Little,jlittledv@vinaora.com,51
501,Jacqueline,Day,jdaydw@trellian.com,16
502,Shirley,Perry,sperrydx@fastcompany.com,10
503,Keith,Russell,krusselldy@ucla.edu,31
504,Jimmy,Garcia,jgarciadz@furl.net,65
505,Debra,Peters,dpeterse0@quantcast.com,57
506,Virginia,Torres,vtorrese1@indiatimes.com,25
507,Thomas,Lynch,tlynche2@tamu.edu,5
508,Edward,Schmidt,eschmidte3@github.com,65
509,Tammy,Ortiz,tortize4@amazon.de,46
510,Ralph,Morgan,rmorgane5@newsvine.com,26
511,Jennifer,Patterson,jpattersone6@weibo.com,29
512,Linda,Reed,lreede7@youku.com,34
513,Sarah,Greene,sgreenee8@mashable.com,63
514,Carolyn,Griffin,cgriffine9@nyu.edu,8
515,Daniel,Day,ddayea@go.com,62
516,Cynthia,Hudson,chudsoneb@mashable.com,64
517,Robin,Gibson,rgibsonec@mapquest.com,54
518,Diane,Moreno,dmorenoed@yahoo.co.jp,20
519,Jane,Gomez,jgomezee@disqus.com,36
520,Gary,Palmer,gpalmeref@usatoday.com,5
521,Karen,Sanchez,ksanchezeg@senate.gov,12
522,Douglas,Harrison,dharrisoneh@is.gd,39
523,Paula,Garza,pgarzaei@cbslocal.com,38
524,Laura,Garrett,lgarrettej@1688.com,11
525,Martha,Meyer,mmeyerek@phpbb.com,16
526,Beverly,Olson,bolsonel@networkadvertising.org,29
527,Chris,Wright,cwrightem@nbcnews.com,48
528,Jeffrey,Moreno,jmorenoen@123-reg.co.uk,29
529,Irene,Brown,ibrowneo@earthlink.net,40
530,Victor,Hansen,vhansenep@discovery.com,11
531,Donald,Gutierrez,dgutierrezeq@nps.gov,8
532,George,Olson,golsoner@vk.com,38
533,Rachel,Dunn,rdunnes@4shared.com,33
534,Heather,Henderson,hhendersonet@yelp.com,26
535,Betty,Morrison,bmorrisoneu@wiley.com,42
536,Jeffrey,Howell,jhowellev@soundcloud.com,27
537,Aaron,Jenkins,ajenkinsew@facebook.com,30
538,Fred,Cook,fcookex@pinterest.com,14
539,Victor,Watkins,vwatkinsey@thetimes.co.uk,37
540,Nancy,Dunn,ndunnez@xrea.com,67
541,Jessica,Carter,jcarterf0@eventbrite.com,38
542,Michelle,Perez,mperezf1@quantcast.com,25
543,Rose,Hunt,rhuntf2@cyberchimps.com,55
544,Rose,Fields,rfieldsf3@fc2.com,27
545,Eric,Andrews,eandrewsf4@newyorker.com,8
546,Chris,Miller,cmillerf5@ycombinator.com,10
547,Ronald,Rodriguez,rrodriguezf6@cmu.edu,13
548,Robin,Peterson,rpetersonf7@soup.io,43
549,George,Torres,gtorresf8@infoseek.co.jp,58
550,Lillian,Mccoy,lmccoyf9@topsy.com,67
551,Brandon,Mills,bmillsfa@newyorker.com,56
552,Donna,Walker,dwalkerfb@plala.or.jp,64
553,Ruth,Ford,rfordfc@xinhuanet.com,57
554,Kathryn,Powell,kpowellfd@angelfire.com,6
555,Janice,Castillo,jcastillofe@fastcompany.com,49
556,Douglas,Hicks,dhicksff@nifty.com,32
557,Joshua,Torres,jtorresfg@google.co.uk,20
558,Adam,Shaw,ashawfh@utexas.edu,47
559,Todd,Green,tgreenfi@ask.com,6
560,Sara,Robertson,srobertsonfj@admin.ch,37
561,Edward,Patterson,epattersonfk@skype.com,62
562,Jason,Weaver,jweaverfl@examiner.com,33
563,Steve,Johnston,sjohnstonfm@slate.com,13
564,Howard,Arnold,harnoldfn@baidu.com,13
565,Brandon,Fernandez,bfernandezfo@tuttocitta.it,18
566,Douglas,Gutierrez,dgutierrezfp@google.co.uk,15
567,Albert,Ruiz,aruizfq@usnews.com,13
568,Diana,Reid,dreidfr@wikia.com,29
569,Phillip,Sanchez,psanchezfs@nationalgeographic.com,55
570,Patricia,Palmer,ppalmerft@discovery.com,48
571,Nicholas,Baker,nbakerfu@phoca.cz,56
572,Phyllis,Olson,polsonfv@simplemachines.org,44
573,Melissa,Nichols,mnicholsfw@amazon.co.jp,48
574,Melissa,Clark,mclarkfx@slate.com,11
575,Wayne,Fox,wfoxfy@ifeng.com,48
576,Joseph,Jenkins,jjenkinsfz@vkontakte.ru,57
577,Anthony,Gray,agrayg0@google.cn,59
578,Dorothy,Burke,dburkeg1@bravesites.com,52
579,David,Tucker,dtuckerg2@liveinternet.ru,15
580,Julia,Cruz,jcruzg3@over-blog.com,39
581,Frances,Gonzalez,fgonzalezg4@fc2.com,42
582,Pamela,Duncan,pduncang5@elegantthemes.com,12
583,Sara,Henderson,shendersong6@thetimes.co.uk,56
584,Karen,Cruz,kcruzg7@google.es,57
585,Angela,Morrison,amorrisong8@booking.com,43
586,Ernest,Elliott,eelliottg9@ifeng.com,47
587,Ralph,Simpson,rsimpsonga@irs.gov,48
588,Carl,Pierce,cpiercegb@networksolutions.com,70
589,Robin,Edwards,redwardsgc@scientificamerican.com,39
590,Jeffrey,Hall,jhallgd@indiatimes.com,57
591,Nicole,Morgan,nmorgange@yale.edu,6
592,Melissa,Little,mlittlegf@soup.io,35
593,Ruth,George,rgeorgegg@over-blog.com,48
594,Pamela,Ross,prossgh@si.edu,56
595,Karen,Reed,kreedgi@domainmarket.com,26
596,Joan,Cooper,jcoopergj@reference.com,9
597,Brian,Chapman,bchapmangk@addthis.com,47
598,Dennis,Mason,dmasongl@wordpress.org,59
599,Patrick,Gilbert,pgilbertgm@npr.org,67
600,Virginia,Robinson,vrobinsongn@cbslocal.com,16
601,Russell,Ferguson,rfergusongo@nih.gov,61
602,Margaret,Peters,mpetersgp@tinyurl.com,40
603,Carlos,Baker,cbakergq@msu.edu,9
604,Chris,Mills,cmillsgr@dyndns.org,16
605,Chris,Rogers,crogersgs@sbwire.com,23
606,Matthew,Carpenter,mcarpentergt@ycombinator.com,29
607,Melissa,Dean,mdeangu@hp.com,32
608,Edward,Carr,ecarrgv@about.me,50
609,Jeffrey,Foster,jfostergw@bbc.co.uk,40
610,Chris,Jacobs,cjacobsgx@usgs.gov,53
611,Paul,Rose,prosegy@yolasite.com,13
612,Rachel,Gonzales,rgonzalesgz@slate.com,27
613,Brenda,Davis,bdavish0@google.fr,48
614,Ryan,Ryan,rryanh1@usda.gov,70
615,Norma,Taylor,ntaylorh2@odnoklassniki.ru,38
616,Nancy,Ford,nfordh3@bbc.co.uk,46
617,Kevin,Burns,kburnsh4@blogger.com,29
618,Joseph,Green,jgreenh5@msu.edu,63
619,Robin,Perry,rperryh6@wp.com,38
620,Kenneth,Gonzalez,kgonzalezh7@nbcnews.com,5
621,Brenda,Grant,bgranth8@webnode.com,60
622,Bonnie,Hunter,bhunterh9@hostgator.com,18
623,Jose,Morgan,jmorganha@uiuc.edu,40
624,Gregory,Mendoza,gmendozahb@intel.com,52
625,Peter,Wilson,pwilsonhc@opensource.org,42
626,Paula,Evans,pevanshd@hao123.com,22
627,Judith,Sims,jsimshe@ezinearticles.com,48
628,Jonathan,Collins,jcollinshf@ezinearticles.com,35
629,Frances,Carter,fcarterhg@cdc.gov,48
630,Christine,Banks,cbankshh@opera.com,58
631,Richard,Gomez,rgomezhi@ucoz.com,9
632,Julia,Cruz,jcruzhj@amazonaws.com,62
633,Joe,Castillo,jcastillohk@amazonaws.com,16
634,Diane,Jacobs,djacobshl@addtoany.com,5
635,Joshua,Rice,jricehm@msn.com,32
636,Bruce,Burke,bburkehn@npr.org,50
637,Amanda,Warren,awarrenho@webmd.com,15
638,Kenneth,Bennett,kbennetthp@discuz.net,35
639,Paula,Shaw,pshawhq@msu.edu,57
640,Martin,Harrison,mharrisonhr@blogspot.com,44
641,Walter,Riley,wrileyhs@twitpic.com,70
642,Henry,Graham,hgrahamht@tinyurl.com,66
643,Catherine,Matthews,cmatthewshu@issuu.com,5
644,Victor,Russell,vrussellhv@adobe.com,28
645,Marie,Wood,mwoodhw@vkontakte.ru,11
646,Chris,George,cgeorgehx@sfgate.com,60
647,Heather,Lee,hleehy@jimdo.com,63
648,Sean,Nichols,snicholshz@sourceforge.net,67
649,Jacqueline,Rice,jricei0@merriam-webster.com,30
650,Robert,Adams,radamsi1@newsvine.com,5
651,Justin,Cole,jcolei2@spiegel.de,51
652,Shirley,Fowler,sfowleri3@uol.com.br,45
653,Bonnie,Meyer,bmeyeri4@php.net,15
654,Arthur,Bell,abelli5@nifty.com,68
655,Edward,Roberts,erobertsi6@twitpic.com,68
656,Ernest,Welch,ewelchi7@psu.edu,31
657,Christine,Larson,clarsoni8@ucla.edu,13
658,Carol,Ellis,cellisi9@creativecommons.org,70
659,Brenda,Holmes,bholmesia@pagesperso-orange.fr,6
660,Anthony,Gonzales,agonzalesib@bloglines.com,11
661,Emily,Carr,ecarric@tinyurl.com,18
662,Fred,Lee,fleeid@canalblog.com,63
663,Bruce,Wallace,bwallaceie@google.ca,41
664,Albert,Jackson,ajacksonif@zimbio.com,63
665,Dennis,Perry,dperryig@altervista.org,39
666,Ryan,Baker,rbakerih@gravatar.com,47
667,Ashley,Perkins,aperkinsii@uiuc.edu,64
668,Evelyn,Kelley,ekelleyij@indiatimes.com,60
669,Brian,Mills,bmillsik@forbes.com,20
670,Teresa,Price,tpriceil@diigo.com,59
671,Theresa,Campbell,tcampbellim@mayoclinic.com,16
672,Edward,Turner,eturnerin@cocolog-nifty.com,29
673,Gloria,Payne,gpayneio@wisc.edu,31
674,Wayne,Morgan,wmorganip@furl.net,7
675,William,Frazier,wfrazieriq@thetimes.co.uk,11
676,Gerald,Richards,grichardsir@gmpg.org,29
677,Frances,Reed,freedis@theglobeandmail.com,59
678,Robin,Montgomery,rmontgomeryit@yellowbook.com,67
679,Charles,Bishop,cbishopiu@desdev.cn,16
680,Christine,Armstrong,carmstrongiv@umn.edu,39
681,Harry,Kim,hkimiw@hugedomains.com,56
682,Catherine,Sanchez,csanchezix@list-manage.com,33
683,Steve,Thompson,sthompsoniy@topsy.com,45
684,Carolyn,Carpenter,ccarpenteriz@g.co,55
685,Shirley,Payne,spaynej0@google.ru,43
686,Jesse,Richardson,jrichardsonj1@columbia.edu,42
687,Alice,Riley,arileyj2@webs.com,6
688,Kathleen,Howell,khowellj3@chicagotribune.com,70
689,Charles,Myers,cmyersj4@lulu.com,66
690,Albert,King,akingj5@hhs.gov,49
691,Edward,Henderson,ehendersonj6@pinterest.com,45
692,Harry,Mills,hmillsj7@psu.edu,49
693,Sara,Crawford,scrawfordj8@ucoz.ru,59
694,Jean,Griffin,jgriffinj9@mlb.com,46
695,Larry,Black,lblackja@google.com,22
696,Anne,Ortiz,aortizjb@php.net,60
697,Barbara,King,bkingjc@newsvine.com,8
698,Russell,Cunningham,rcunninghamjd@google.co.uk,24
699,Nicholas,Tucker,ntuckerje@dot.gov,53
700,Peter,Reyes,preyesjf@4shared.com,39
701,Donna,Hudson,dhudsonjg@ucla.edu,30
702,Kimberly,Nguyen,knguyenjh@mozilla.org,49
703,Donna,Rice,driceji@diigo.com,31
704,Wanda,Lane,wlanejj@netlog.com,64
705,Gloria,Turner,gturnerjk@europa.eu,12
706,Michael,Peterson,mpetersonjl@newsvine.com,69
707,Paula,Gonzales,pgonzalesjm@apple.com,34
708,Elizabeth,Arnold,earnoldjn@wikia.com,64
709,Dennis,Adams,dadamsjo@trellian.com,29
710,Nicholas,Berry,nberryjp@un.org,64
711,Joseph,Bishop,jbishopjq@paginegialle.it,18
712,Donna,Fox,dfoxjr@sitemeter.com,22
713,Nicole,Ramos,nramosjs@google.pl,15
714,Eugene,Young,eyoungjt@marriott.com,34
715,Ann,Larson,alarsonju@freewebs.com,67
716,Anthony,Sims,asimsjv@unesco.org,10
717,Carl,Sanders,csandersjw@bravesites.com,50
718,Wayne,Mccoy,wmccoyjx@unblog.fr,22
719,Jessica,Clark,jclarkjy@dion.ne.jp,41
720,Philip,Burke,pburkejz@gravatar.com,6
721,Diana,Russell,drussellk0@narod.ru,17
722,Jane,Mason,jmasonk1@constantcontact.com,34
723,Robert,Payne,rpaynek2@smh.com.au,5
724,Billy,Diaz,bdiazk3@oracle.com,68
725,Amy,Cooper,acooperk4@privacy.gov.au,70
726,Patricia,Greene,pgreenek5@networksolutions.com,9
727,Earl,Scott,escottk6@odnoklassniki.ru,42
728,Ronald,Pierce,rpiercek7@virginia.edu,17
729,Russell,Little,rlittlek8@oracle.com,14
730,Annie,Schmidt,aschmidtk9@stanford.edu,59
731,Jeremy,Burton,jburtonka@ebay.co.uk,17
732,Joan,Gonzales,jgonzaleskb@mashable.com,58
733,Ronald,Chapman,rchapmankc@earthlink.net,14
734,Harold,Fox,hfoxkd@redcross.org,59
735,Harry,Wallace,hwallaceke@apple.com,64
736,Gerald,Mitchell,gmitchellkf@shareasale.com,63
737,Diane,Collins,dcollinskg@surveymonkey.com,57
738,Larry,Cooper,lcooperkh@mlb.com,19
739,Matthew,Gonzales,mgonzaleski@nydailynews.com,28
740,Frances,Davis,fdaviskj@godaddy.com,41
741,Linda,Ramos,lramoskk@bluehost.com,17
742,Nicole,Reid,nreidkl@istockphoto.com,26
743,Terry,Fowler,tfowlerkm@google.fr,18
744,Clarence,Russell,crussellkn@ning.com,60
745,Lois,Johnson,ljohnsonko@istockphoto.com,49
746,Lois,Martinez,lmartinezkp@smugmug.com,46
747,Barbara,Dixon,bdixonkq@over-blog.com,60
748,Anne,Walker,awalkerkr@bing.com,68
749,Jonathan,Warren,jwarrenks@addtoany.com,53
750,Patrick,Wright,pwrightkt@ebay.co.uk,59
751,Larry,Collins,lcollinsku@ca.gov,65
752,Phyllis,Evans,pevanskv@pinterest.com,13
753,Fred,Lynch,flynchkw@devhub.com,56
754,Alan,Knight,aknightkx@163.com,5
755,Julia,Cook,jcookky@ycombinator.com,23
756,Anthony,Jackson,ajacksonkz@cpanel.net,24
757,Jeremy,Boyd,jboydl0@indiegogo.com,30
758,Joseph,Berry,jberryl1@umn.edu,63
759,Earl,Holmes,eholmesl2@indiegogo.com,36
760,George,Owens,gowensl3@salon.com,39
761,Willie,Flores,wfloresl4@domainmarket.com,36
762,Dennis,Welch,dwelchl5@dmoz.org,13
763,Alan,Fisher,afisherl6@dailymotion.com,36
764,Donna,Wood,dwoodl7@cloudflare.com,38
765,Irene,Morgan,imorganl8@wp.com,36
766,Jeffrey,Woods,jwoodsl9@apple.com,10
767,Patrick,Wells,pwellsla@seattletimes.com,62
768,Linda,Simpson,lsimpsonlb@shareasale.com,31
769,Lisa,Gardner,lgardnerlc@ifeng.com,37
770,Diane,Spencer,dspencerld@wikia.com,8
771,Stephanie,Harrison,sharrisonle@admin.ch,69
772,Terry,Thompson,tthompsonlf@posterous.com,67
773,Joe,Garcia,jgarcialg@irs.gov,8
774,Harold,Payne,hpaynelh@mashable.com,17
775,Ruth,Romero,rromeroli@bandcamp.com,63
776,Mark,Carr,mcarrlj@state.gov,42
777,Margaret,Wilson,mwilsonlk@youtu.be,25
778,Raymond,Montgomery,rmontgomeryll@barnesandnoble.com,62
779,Annie,Williamson,awilliamsonlm@blogtalkradio.com,24
780,Jessica,Phillips,jphillipsln@de.vu,19
781,Albert,Peterson,apetersonlo@vinaora.com,59
782,Marilyn,Grant,mgrantlp@nydailynews.com,65
783,Roy,Bradley,rbradleylq@yellowbook.com,36
784,Evelyn,Long,elonglr@redcross.org,45
785,Janet,Castillo,jcastillols@flickr.com,55
786,Patrick,Weaver,pweaverlt@lycos.com,47
787,Howard,Wheeler,hwheelerlu@thetimes.co.uk,41
788,Nicholas,Davis,ndavislv@kickstarter.com,57
789,Marilyn,Wells,mwellslw@europa.eu,69
790,Susan,Kelly,skellylx@adobe.com,30
791,Henry,Coleman,hcolemanly@nationalgeographic.com,29
792,Ruth,Knight,rknightlz@google.de,53
793,Joshua,Carpenter,jcarpenterm0@ox.ac.uk,30
794,Ralph,Stanley,rstanleym1@apple.com,46
795,Melissa,Myers,mmyersm2@unblog.fr,12
796,Dennis,Garrett,dgarrettm3@networkadvertising.org,68
797,Carol,Austin,caustinm4@admin.ch,26
798,Anne,Ortiz,aortizm5@goodreads.com,34
799,Theresa,Campbell,tcampbellm6@over-blog.com,49
800,Norma,Coleman,ncolemanm7@archive.org,28
801,Charles,Baker,cbakerm8@ifeng.com,44
802,Patricia,Thomas,pthomasm9@feedburner.com,57
803,Kevin,Jordan,kjordanma@reddit.com,48
804,Donna,Ramos,dramosmb@smugmug.com,51
805,Wayne,Knight,wknightmc@g.co,38
806,Melissa,Lane,mlanemd@hostgator.com,36
807,Joyce,Gonzales,jgonzalesme@opensource.org,9
808,Evelyn,Martinez,emartinezmf@lulu.com,59
809,Albert,Watkins,awatkinsmg@sina.com.cn,69
810,Anthony,Willis,awillismh@wiley.com,58
811,Nicholas,Mason,nmasonmi@adobe.com,43
812,Sharon,Howell,showellmj@delicious.com,55
813,Emily,Kelley,ekelleymk@woothemes.com,23
814,Fred,Myers,fmyersml@wikispaces.com,46
815,Lori,Johnson,ljohnsonmm@cpanel.net,66
816,Peter,Henry,phenrymn@naver.com,57
817,Shirley,Banks,sbanksmo@vk.com,56
818,Walter,Carpenter,wcarpentermp@hubpages.com,14
819,Walter,Ellis,wellismq@dyndns.org,37
820,Katherine,Martinez,kmartinezmr@nationalgeographic.com,56
821,Arthur,Myers,amyersms@google.co.uk,8
822,Amy,Gomez,agomezmt@scribd.com,41
823,Janet,Barnes,jbarnesmu@wunderground.com,13
824,Matthew,Coleman,mcolemanmv@storify.com,13
825,Lisa,Frazier,lfraziermw@weather.com,9
826,Jack,Reynolds,jreynoldsmx@yale.edu,46
827,Henry,Green,hgreenmy@ifeng.com,41
828,Phillip,Henry,phenrymz@engadget.com,28
829,Barbara,Scott,bscottn0@bloglovin.com,34
830,Mark,Foster,mfostern1@digg.com,52
831,Shirley,Lawson,slawsonn2@yolasite.com,27
832,Daniel,Stone,dstonen3@hugedomains.com,59
833,Kimberly,Murphy,kmurphyn4@1und1.de,67
834,Cynthia,Spencer,cspencern5@ustream.tv,14
835,Andrew,Cox,acoxn6@princeton.edu,29
836,Anna,Alexander,aalexandern7@ebay.co.uk,70
837,Maria,Mendoza,mmendozan8@washingtonpost.com,26
838,Juan,Lane,jlanen9@clickbank.net,64
839,Scott,Mills,smillsna@yale.edu,54
840,Stephanie,Grant,sgrantnb@weather.com,41
841,Christine,Shaw,cshawnc@bravesites.com,5
842,John,Reyes,jreyesnd@storify.com,39
843,Gary,Powell,gpowellne@uiuc.edu,10
844,Marilyn,Long,mlongnf@discuz.net,17
845,Timothy,Cole,tcoleng@java.com,51
846,Kevin,Willis,kwillisnh@un.org,44
847,Mary,Barnes,mbarnesni@instagram.com,7
848,Juan,Vasquez,jvasqueznj@cyberchimps.com,9
849,Brenda,Riley,brileynk@netscape.com,45
850,Edward,West,ewestnl@ted.com,65
851,Ashley,Hawkins,ahawkinsnm@reuters.com,36
852,Ryan,Richardson,rrichardsonnn@indiatimes.com,31
853,Deborah,Robertson,drobertsonno@usda.gov,11
854,Ryan,Montgomery,rmontgomerynp@psu.edu,49
855,Ernest,King,ekingnq@walmart.com,20
856,Kathryn,Carroll,kcarrollnr@europa.eu,19
857,Barbara,Dean,bdeanns@unesco.org,66
858,Rachel,Knight,rknightnt@sitemeter.com,44
859,Marilyn,Dean,mdeannu@admin.ch,28
860,Kathryn,Carpenter,kcarpenternv@bluehost.com,43
861,Michelle,Bryant,mbryantnw@examiner.com,48
862,Martin,Mcdonald,mmcdonaldnx@mtv.com,45
863,Matthew,Cox,mcoxny@aol.com,55
864,Nicholas,Hernandez,nhernandeznz@bluehost.com,22
865,Juan,Jackson,jjacksono0@independent.co.uk,37
866,Judith,Nelson,jnelsono1@tumblr.com,7
867,Debra,Moreno,dmorenoo2@jiathis.com,59
868,Gary,Lawrence,glawrenceo3@fda.gov,45
869,Gloria,Snyder,gsnydero4@netscape.com,66
870,Fred,Powell,fpowello5@ifeng.com,29
871,Benjamin,Walker,bwalkero6@cnet.com,50
872,Walter,Garza,wgarzao7@usgs.gov,55
873,Kimberly,Freeman,kfreemano8@google.ca,20
874,Teresa,Flores,tfloreso9@census.gov,55
875,Louise,Foster,lfosteroa@uiuc.edu,52
876,Doris,Thompson,dthompsonob@topsy.com,53
877,Jack,Wheeler,jwheeleroc@upenn.edu,32
878,Albert,Roberts,arobertsod@cam.ac.uk,50
879,Rachel,Moreno,rmorenooe@parallels.com,69
880,Julie,Palmer,jpalmerof@comsenz.com,61
881,Henry,Fox,hfoxog@unblog.fr,18
882,Sandra,Hansen,shansenoh@google.com.br,32
883,Debra,Walker,dwalkeroi@time.com,46
884,Heather,Campbell,hcampbelloj@yale.edu,57
885,Jeremy,Nelson,jnelsonok@nifty.com,39
886,Alan,Grant,agrantol@goo.gl,47
887,Anne,Bryant,abryantom@goodreads.com,46
888,Amy,Miller,amilleron@webmd.com,60
889,Ryan,Smith,rsmithoo@prnewswire.com,67
890,Brandon,Reed,breedop@studiopress.com,59
891,Antonio,Mccoy,amccoyoq@mediafire.com,23
892,Henry,Williamson,hwilliamsonor@nature.com,49
893,Cynthia,Rodriguez,crodriguezos@imdb.com,19
894,Douglas,Banks,dbanksot@freewebs.com,61
895,Frank,Harris,fharrisou@wiley.com,15
896,Donald,Johnson,djohnsonov@cbslocal.com,18
897,Kathryn,Reyes,kreyesow@pen.io,65
898,Kenneth,Hamilton,khamiltonox@usda.gov,59
899,Melissa,Berry,mberryoy@intel.com,7
900,Joe,Garza,jgarzaoz@macromedia.com,63
901,Nicholas,Williams,nwilliamsp0@woothemes.com,20
902,Marie,Sanchez,msanchezp1@bluehost.com,65
903,Frank,Franklin,ffranklinp2@marriott.com,42
904,Pamela,Stanley,pstanleyp3@globo.com,8
905,Bonnie,Freeman,bfreemanp4@usda.gov,56
906,Rebecca,Freeman,rfreemanp5@reuters.com,12
907,Sarah,Dixon,sdixonp6@fda.gov,64
908,Keith,Gonzalez,kgonzalezp7@uiuc.edu,69
909,Irene,Gutierrez,igutierrezp8@mysql.com,28
910,Ralph,Frazier,rfrazierp9@miitbeian.gov.cn,20
911,Ruby,Johnston,rjohnstonpa@surveymonkey.com,57
912,Gloria,Hart,ghartpb@gov.uk,34
913,Janice,Rogers,jrogerspc@auda.org.au,63
914,Doris,Rose,drosepd@fema.gov,18
915,Carlos,Reed,creedpe@pbs.org,44
916,Fred,Ward,fwardpf@t-online.de,23
917,Martin,Carr,mcarrpg@wikimedia.org,38
918,Jeremy,Ramos,jramosph@wisc.edu,50
919,Rebecca,Carpenter,rcarpenterpi@behance.net,9
920,Louis,Perkins,lperkinspj@t-online.de,31
921,Louis,Garza,lgarzapk@moonfruit.com,22
922,Paul,Gutierrez,pgutierrezpl@vk.com,22
923,Nicole,Powell,npowellpm@blogspot.com,64
924,William,Fuller,wfullerpn@umich.edu,59
925,Carol,Moore,cmoorepo@gravatar.com,33
926,Christopher,Gray,cgraypp@huffingtonpost.com,28
927,Craig,Jacobs,cjacobspq@hhs.gov,40
928,Bruce,Ortiz,bortizpr@hugedomains.com,58
929,Craig,Harper,charperps@mozilla.org,37
930,Ann,King,akingpt@irs.gov,67
931,Russell,Wright,rwrightpu@harvard.edu,35
932,Deborah,Harvey,dharveypv@state.tx.us,30
933,Alice,Larson,alarsonpw@shutterfly.com,17
934,Amy,Collins,acollinspx@pcworld.com,64
935,Sean,Fernandez,sfernandezpy@usgs.gov,70
936,Kathy,Thompson,kthompsonpz@mayoclinic.com,54
937,Randy,King,rkingq0@sciencedirect.com,44
938,Theresa,Carr,tcarrq1@ucla.edu,30
939,John,Hunt,jhuntq2@home.pl,46
940,Robin,Schmidt,rschmidtq3@va.gov,42
941,Theresa,Riley,trileyq4@shinystat.com,16
942,Brandon,Rodriguez,brodriguezq5@ustream.tv,36
943,Donna,Green,dgreenq6@harvard.edu,16
944,Thomas,Robertson,trobertsonq7@indiegogo.com,12
945,Albert,Tucker,atuckerq8@zdnet.com,19
946,Debra,Sanchez,dsanchezq9@uol.com.br,49
947,Russell,West,rwestqa@dell.com,61
948,Julie,Sanchez,jsanchezqb@usatoday.com,37
949,Daniel,Arnold,darnoldqc@stanford.edu,60
950,Raymond,Murphy,rmurphyqd@reference.com,35
951,Peter,Thompson,pthompsonqe@bigcartel.com,46
952,Alan,Allen,aallenqf@prlog.org,8
953,John,Carter,jcarterqg@independent.co.uk,40
954,Peter,Ward,pwardqh@cnbc.com,20
955,Virginia,Torres,vtorresqi@timesonline.co.uk,55
956,Patricia,Pierce,ppierceqj@nymag.com,19
957,Anne,Jenkins,ajenkinsqk@photobucket.com,41
958,Brenda,Sullivan,bsullivanql@army.mil,17
959,Sarah,Stevens,sstevensqm@bigcartel.com,6
960,Adam,Campbell,acampbellqn@trellian.com,32
961,Sara,Pierce,spierceqo@tmall.com,37
962,Rebecca,Banks,rbanksqp@wp.com,41
963,Donald,Palmer,dpalmerqq@dell.com,51
964,Donna,Fowler,dfowlerqr@123-reg.co.uk,41
965,Carl,Kelly,ckellyqs@sitemeter.com,61
966,Alan,Owens,aowensqt@pinterest.com,19
967,Catherine,Knight,cknightqu@nasa.gov,47
968,Ryan,Morgan,rmorganqv@ameblo.jp,42
969,Teresa,Dean,tdeanqw@washingtonpost.com,56
970,Judith,Jones,jjonesqx@joomla.org,13
971,Denise,Long,dlongqy@360.cn,67
972,Joe,Foster,jfosterqz@bbc.co.uk,6
973,Betty,Alexander,balexanderr0@cbc.ca,69
974,Jane,Wagner,jwagnerr1@hhs.gov,10
975,Donna,Campbell,dcampbellr2@exblog.jp,25
976,Kenneth,Bradley,kbradleyr3@telegraph.co.uk,25
977,Phyllis,Rose,proser4@omniture.com,23
978,Clarence,Wheeler,cwheelerr5@ucla.edu,60
979,Kimberly,Welch,kwelchr6@dailymotion.com,23
980,Janet,Castillo,jcastillor7@rediff.com,7
981,Janet,Ray,jrayr8@surveymonkey.com,68
982,Richard,Grant,rgrantr9@eepurl.com,34
983,Frances,Dean,fdeanra@discuz.net,66
984,Mildred,Bennett,mbennettrb@oracle.com,68
985,Janet,Lewis,jlewisrc@prlog.org,16
986,Jennifer,Foster,jfosterrd@spotify.com,70
987,Eugene,Tucker,etuckerre@amazon.co.uk,54
988,Jonathan,Coleman,jcolemanrf@sitemeter.com,53
989,Amy,Hunt,ahuntrg@google.es,55
990,Peter,Elliott,pelliottrh@bbb.org,39
991,Jean,Jenkins,jjenkinsri@noaa.gov,7
992,Stephanie,Price,spricerj@state.gov,44
993,Timothy,Romero,tromerork@sciencedirect.com,29
994,Thomas,Martinez,tmartinezrl@issuu.com,31
995,Philip,Kelley,pkelleyrm@pagesperso-orange.fr,59
996,Angela,Castillo,acastillorn@gmpg.org,38
997,Denise,Cox,dcoxro@blogs.com,35
998,Linda,Allen,lallenrp@skype.com,52
999,Paul,Martin,pmartinrq@discovery.com,62
1000,Beverly,Marshall,bmarshallrr@dion.ne.jp,14
