pilotID,firstName,lastName,experience
1,Jerry,Mcdonald,16
2,Shirley,James,32
3,Heather,Clark,17
4,Maria,Moore,3
5,Gloria,Anderson,33
6,Diane,Hamilton,17
7,Judy,Riley,13
8,Joe,Grant,13
9,Brian,Ruiz,27
10,Bonnie,Hansen,13
11,Julie,Long,15
12,Anna,Ford,33
13,Harry,Phillips,34
14,Paula,Stevens,3
15,Sarah,Reynolds,3
16,Fred,White,18
17,Emily,Ramos,16
18,Julia,Collins,36
19,Joshua,Murray,13
20,Martin,Harvey,11
21,Sean,Barnes,26
22,Phillip,Morrison,36
23,Karen,Burke,33
24,Stephen,Payne,24
25,Steven,Sanchez,11
26,Robert,Franklin,21
27,Evelyn,Rogers,28
28,Diane,Green,3
29,Christine,Hill,5
30,Nancy,Austin,37
31,Patrick,Cook,12
32,Patrick,Hernandez,26
33,Thomas,Miller,15
34,Fred,Lynch,23
35,William,Rodriguez,5
36,Gary,Morgan,27
37,Theresa,Clark,26
38,Scott,Price,27
39,Marilyn,Garcia,25
40,Tammy,Murray,29
41,Tammy,Bishop,19
42,Alice,Morgan,14
43,Aaron,Williams,8
44,Harry,Rodriguez,36
45,Gary,Gordon,23
46,Edward,Riley,30
47,Theresa,Allen,22
48,Fred,Burke,5
49,Keith,Moreno,25
50,Carolyn,Jackson,14
51,Jason,Austin,15
52,Amy,Cruz,22
53,Scott,Ryan,24
54,Gary,Hawkins,22
55,Kathleen,Cole,6
56,Sharon,Snyder,20
57,Walter,Walker,16
58,Teresa,Diaz,9
59,Martin,Oliver,38
60,Louise,Johnston,28
61,Andrew,Jenkins,28
62,Jack,Jordan,25
63,Sharon,Duncan,30
64,Patricia,Harvey,40
65,Helen,Elliott,29
66,Carol,Meyer,17
67,Theresa,Torres,3
68,Kimberly,Rice,30
69,Jessica,Williamson,1
70,Theresa,Torres,4
71,Virginia,Dixon,6
72,Sean,Long,31
73,Anne,Kelly,36
74,Justin,Hall,34
75,Phyllis,Armstrong,18
76,Jimmy,Stone,30
77,Kelly,Peters,18
78,Brenda,Long,13
79,Robert,Turner,24
80,Denise,Green,15
81,Alan,Berry,2
82,Carl,Dean,7
83,Peter,Romero,31
84,Janet,Meyer,20
85,William,Snyder,18
86,Jose,Edwards,39
87,Christina,Thompson,16
88,Patricia,Williams,15
89,Joseph,Simpson,9
90,Phyllis,Collins,25
91,Jeffrey,Webb,15
92,James,Richardson,37
93,Bobby,Taylor,37
94,Virginia,Robinson,19
95,Andrea,Mccoy,9
96,Gloria,Thomas,34
97,Paul,Burns,17
98,Ryan,Lewis,17
99,William,Powell,35
100,Cheryl,King,20
101,Stephen,Sanchez,3
102,Sean,Fernandez,22
103,Rose,Richardson,23
104,Susan,Campbell,3
105,Donna,Arnold,12
106,Louise,Ryan,34
107,Michelle,Freeman,38
108,Judy,Washington,24
109,Eric,Cook,14
110,Bobby,Ford,27
111,Jonathan,Ramirez,21
112,Lois,Chapman,12
113,Henry,Woods,15
114,Betty,Perkins,32
115,Deborah,Martin,33
116,Jason,Gardner,8
117,Jonathan,Jones,15
118,Terry,Chavez,28
119,George,Hansen,31
120,Irene,Ray,4
121,Paul,Elliott,10
122,Kathryn,Mills,25
123,Adam,Lane,17
124,Roy,Nichols,28
125,Aaron,Anderson,34
126,Sarah,Little,36
127,Nicole,Rivera,25
128,Anthony,Johnson,35
129,Deborah,Nichols,13
130,Thomas,Porter,18
131,Linda,Morris,38
132,Martin,James,12
133,Carl,Foster,11
134,Lois,Arnold,20
135,Albert,Stone,29
136,Fred,Elliott,36
137,Bruce,Reyes,32
138,Sandra,Graham,16
139,Susan,Vasquez,15
140,Carlos,Ward,14
141,Andrea,Hamilton,20
142,David,Lane,1
143,Diane,Weaver,14
144,Wanda,Harvey,39
145,Harold,George,38
146,Henry,Ramos,30
147,Joshua,Spencer,20
148,Amy,Riley,7
149,Maria,Olson,4
150,James,Hansen,12
151,Louis,Johnston,14
152,Mildred,Garcia,19
153,Kathleen,Evans,18
154,Rebecca,Ryan,6
155,Walter,Black,17
156,Norma,Duncan,11
157,Brian,Rivera,1
158,Harry,Walker,16
159,Michael,Perez,8
160,Karen,Stephens,34
161,Anne,Larson,34
162,Samuel,Johnston,36
163,Scott,Banks,20
164,Stephen,Murphy,29
165,Martin,Frazier,9
166,Peter,Crawford,5
167,Virginia,Mills,8
168,Rachel,Matthews,10
169,Benjamin,Payne,37
170,Helen,Ortiz,28
171,Jeremy,Johnson,5
172,Philip,Hayes,39
173,Johnny,Willis,38
174,Joseph,Duncan,18
175,Edward,Fields,11
176,Evelyn,Green,10
177,Eric,Mendoza,14
178,Thomas,Henry,34
179,Ruby,Larson,40
180,Irene,Little,28
181,Amy,Reed,13
182,Scott,Crawford,39
183,Samuel,Price,11
184,Johnny,Mccoy,2
185,Maria,Morris,2
186,Alan,Bennett,10
187,Ernest,Stone,14
188,Harold,Reynolds,35
189,Jerry,Clark,10
190,Patrick,Payne,15
191,Kevin,Wright,28
192,Ralph,Burton,8
193,Albert,Black,23
194,Ronald,Armstrong,18
195,Andrea,Hayes,31
196,Katherine,Price,29
197,Eric,Griffin,36
198,Nancy,Collins,12
199,Jose,Arnold,8
200,Patricia,Ramos,37
